PRV,NOW,,DEVELOPER,AIRCRAFT,,,CATEGORY,$,,ADDED,DAYS,
1,1,=,A2A Simulations,Piper Comanche 250,15,98,Piston GA,P,,18 Jul 2023,684,0.153
3,2,1,Fenix,Airbus A320,10,159,Airliner,P,,19 May 2022,1109,0.063
7,3,4,Flysimware,Cessna 414 AW Chancellor,10,158,Piston GA,P,,27 Mar 2022,1100,0.063
49,4,45,Just Flight,Avro RJ,8,29,Airliner,P,,11 Nov 2024,202,0.276
14,5,9,COWS,Diamond DA42,8,68,Piston GA,P,,12 Feb 2024,475,0.118
4,6,2,SimWorks Studio,Quest Kodiak 100,8,158,Turboprop,P,,27 Mar 2022,1100,0.051
5,7,2,FlightFX & MS 2024,Cirrus SF50 Vision Jet G2 (combined),7,131,Business Jet,B,,3 Dec 2022,911,0.053
51,8,43,FlyByWire,Airbus A380 (X),5,31,Airliner,F,,3 Nov 2024,210,0.161
12,9,3,PMDG,Boeing 777-300ER,5,49,Airliner,P,,26 Jun 2024,340,0.102
2,10,8,Black Square,Beechcraft B60 Duke (Piston / Grand),5,55,Piston GA,P,,19 May 2024,378,0.091
13,11,2,Black Square,Beechcraft B60 Duke (Turbine),5,56,Turboprop,P,,11 May 2024,386,0.089
8,12,4,Just Flight,BAe Hawk T1/A,5,158,Military (Modern),P,,27 Mar 2022,1100,0.032
,13,,Carenado,Pilatus PC-12 NGX,4,13,Turboprop,F,,6 Mar 2025,87,0.308
41,14,27,Microsoft / Carenado,Cessna C185 Skywagon,4,15,Piston GA,F,,23 Feb 2025,98,0.267
20,15,5,COWS,Diamond DA40-XLS,4,15,Piston GA,P,,17 Feb 2025,104,0.267
33,16,17,PMDG,Boeing 777F,4,18,Airliner,P,,27 Jan 2025,125,0.222
47,17,30,Got Friends,Draco X,4,27,Piston GA,F,,27 Nov 2024,186,0.148
80,18,62,PMDG,Boeing 737-600,4,145,Airliner,P,,22 Aug 2022,1014,0.028
,19,,iniBuilds,Airbus A350,3,13,Airliner,P,,7 Mar 2025,86,0.231
50,20,30,Microsoft / Mike Johnson,Grumman Amphibian Albatross G111/HU16,3,29,Seaplane,D,,11 Nov 2024,202,0.103
62,21,41,SimWorks Studio,Pilatus PC-12,3,76,Turboprop,P,,21 Dec 2023,528,0.039
25,22,3,FSReborn,Piper M500 (FSR500) Meridian,3,82,Turboprop,P,,6 Nov 2023,573,0.037
16,23,7,Black Square,Daher TBM 850,3,85,Turboprop,P,,16 Oct 2023,594,0.035
17,24,7,Got Friends,PZL-104 Wilga 35/80,3,130,Piston GA,P,,10 Dec 2022,904,0.023
267,25,242,Aeroplane Heaven,Douglas DC-3 (with & without mod),3,134,Vintage / Biplane,F,,12 Nov 2022,932,0.022
28,26,,Microsoft,"Beechcraft Model 18
(with & without mods)",3,155,Piston GA,P,,16 Jun 2022,1081,0.019
84,27,,Just Flight,BAe 146 (any),3,152,Airliner,P,,3 May 2022,1063,0.020
30,28,,Asobo,Cessna C152 (with WB-Sim / JPL mod),3,158,Piston GA,F,,27 Mar 2022,1100,0.019
,29,,MilViz / Blackbird,Beechcraft T6A ADV Texan II,2,11,Turboprop,P,,18 Mar 2025,75,0.182
9,30,,FlightFX,Piaggio P.180 Avanti II,2,15,Turboprop,P,,23 Feb 2025,98,0.133
36,31,,Asobo,Powrachute Sky Rascal,2,19,Other,F,,21 Jan 2025,131,0.105
43,32,,Microsoft / Carenado,Saab 340B,2,22,Turboprop,D,,31 Dec 2024,152,0.091
23,33,,Classic Aircraft Simulations,Piper J3C-65 Cub,2,50,Piston GA,P,,22 Jun 2024,344,0.040
61,34,,Flysimware,Bombardier Learjet 35A,2,75,Business Jet,P,,31 Dec 2023,518,0.027
165,35,,Heatblur / IndiaFoxtEcho,F-14 Tomcat A/B,2,77,Military (Modern),P,,11 Dec 2023,538,0.026
67,36,,Microsoft / S&H Software,ATR 600 Series,2,110,Airliner,P,,27 Apr 2023,766,0.018
6,37,,MilViz / Blackbird,BB310R,2,122,Piston GA,P,,5 May 2022,850,0.016
74,38,,Asobo,Guimbal Cabri G2,2,133,Helicopter,F,,15 Nov 2022,929,0.015
75,39,,Microsoft / iniBuilds,Airbus A310-300,2,133,Airliner,F,,14 Nov 2022,930,0.015
18,40,,PMDG,Boeing 737-800,2,145,Airliner,P,,27 Aug 2022,1009,0.014
373,41,,FlyByWire,A320 (NX),2,158,Airliner,F,,27 Mar 2022,1100,0.013
377,42,,PMDG,Douglas DC-6,2,158,Vintage / Biplane,P,,27 Mar 2022,1100,0.013
379,43,,MilViz / Blackbird,Pilatus PC-6 Porter ,2,158,Turboprop,P,,27 Mar 2022,1100,0.013
,44,,61tree Studio,Proto T1,1,10,Glider,P,,28 Mar 2025,65,0.100
,45,,Flying Fries,Blackshape Gabriel BK160-TR,1,10,Piston GA,P,,28 Mar 2025,65,0.100
,46,,Carenado,Cessna C182Q,1,10,Piston GA,P,,27 Mar 2025,66,0.100
,47,,Skyward Simulations,Diamond DA-50RG,1,10,Piston GA,P,,27 Mar 2025,66,0.100
,48,,Got Friends,Pipistrel Taurus M,1,11,Glider,D,,19 Mar 2025,74,0.091
,49,,f7 Simulations,ASK 21,1,11,Glider,P,,17 Mar 2025,76,0.091
,50,,Carenado,Pilatus PC-24,1,12,Business Jet,D,,12 Mar 2025,81,0.083
,51,,Flight Replicas,Supermarine Spitfire Mk.V,1,12,Warbird (Classic),P,,10 Mar 2025,83,0.083
,52,,Miltech Simulations,M2K-C (Mirage 2000),1,13,Military (Modern),P,,6 Mar 2025,87,0.077
38,53,,SkySimulations,McDonnell Douglas DC-9,1,15,Airliner,P,,18 Feb 2025,103,0.067
35,54,,Bgaurant,Fokker F27-MK 500,1,19,Airliner,F,,21 Jan 2025,131,0.053
37,55,,iniBuilds,Airbus A321 LR,1,19,Airliner,F,,21 Jan 2025,131,0.053
91,56,,Got Friends,AeroElvira EA-7 Optica (MSFS 2024),1,21,Piston GA,F,,7 Jan 2025,145,0.048
44,57,,Carenado,Cessna 408 SkyCourier,1,22,Turboprop,D,,31 Dec 2024,152,0.045
94,58,,Carenado,Cessna 404 Titan,1,22,Piston GA,D,,31 Dec 2024,152,0.045
45,59,,Asobo,Airbus H125,1,22,Helicopter,F,,30 Dec 2024,153,0.045
97,60,,Asobo,Hot Air Balloon,1,24,Other,F,,22 Dec 2024,161,0.042
98,61,,Microsoft / Carenado,Beechcraft C90 GTX King Air,1,24,Turboprop,D,,22 Dec 2024,161,0.042
46,62,,Microsoft / Carenado,Cessna 400 Corvalis TT,1,25,Piston GA,F,,14 Dec 2024,169,0.040
99,63,,Asobo / Carenado,Robinson R66,1,27,Helicopter,F,,27 Nov 2024,186,0.037
52,64,,iFly,Boeing 737 MAX8,1,32,Airliner,P,,25 Oct 2024,219,0.031
53,65,,FSReborn,TL Ultralight Sirius TL3000,1,34,Piston GA,P,,13 Oct 2024,231,0.029
113,66,,Flysimware,Beechcraft Sierra C24R,1,36,Piston GA,P,,28 Sep 2024,246,0.028
116,67,,Microsoft,Focke-Wulf Condor 200,1,38,Vintage / Biplane,P,,11 Sep 2024,263,0.026
54,68,,Sim Skunk Works,Vans RV-8,1,41,Piston GA,P,,24 Aug 2024,281,0.024
129,69,,LatinVFR,Airbus A330-900,1,48,Airliner,P,,1 Jul 2024,335,0.021
130,70,,Taog’s Hangar,Bell UH-1H “Huey” / Bell 205,1,50,Helicopter,P,,21 Jun 2024,345,0.020
133,71,,FlynDive,Smaug,1,52,Piston GA,F,,4 Jun 2024,362,0.019
134,72,,Alpha60,Dassault Rafale M,1,52,Military (Modern),F,,3 Jun 2024,363,0.019
135,73,,Shrike Simulations,North American F-86 Sabre,1,57,Military (Modern),P,,30 Apr 2024,397,0.018
59,74,,Mario Noriega,Nardi FN-333 Riviera,1,71,Piston GA,P,,25 Jan 2024,493,0.014
60,75,,iniBuilds,Airbus A300-600R,1,71,Airliner,P,,26 Jan 2024,492,0.014
162,76,,FlightSim Studio,Tecnam P2012 Traveller,1,76,Piston GA,P,,21 Dec 2023,528,0.013
63,77,,Just Flight,Avro Vulcan B Mk. 2,1,79,Military (Modern),P,,30 Nov 2023,549,0.013
65,78,,HPG,Airbus H160,1,84,Helicopter,P,,25 Oct 2023,585,0.012
182,79,,Sim Skunk Works,Leonardo (SIAI Marchetti) SF-260,1,91,Piston GA,P,,4 Sep 2023,636,0.011
193,80,,Just Flight,Fokker F28 Fellowship ,1,99,Airliner,P,,14 Jul 2023,688,0.010
196,81,,Got Friends,DoubleEnder,1,101,Piston GA,P,,30 Jun 2023,702,0.010
200,82,,Flying Iron,Messerschmitt Bf 109G-6,1,102,Warbird (Classic),P,,19 Jun 2023,713,0.010
208,83,,FlyBoy Simulations,Rans S6S Coyote II,1,108,Piston GA,P,,9 May 2023,754,0.009
211,84,,PilotExperienceSim,Maule M7-235,1,110,Piston GA,P,,28 Apr 2023,765,0.009
230,85,,Microsoft / Orbx,de Havilland Canada DHC-4 Caribou,1,118,Piston GA,P,,3 Mar 2023,821,0.008
77,86,,Ant’s Airplanes,de Havilland Tiger Moth,1,140,Vintage / Biplane,P,,30 Sep 2022,975,0.007
298,87,,Black Square,Velocity XL,1,154,Piston GA,P,,25 Jun 2022,1072,0.006
82,88,,PMDG,Boeing 737-700,1,160,Airliner,P,,10 May 2022,1118,0.006
324,89,,Asobo,North American Aviation T-6 Texan,1,154,Piston GA,F,,25 Apr 2022,1071,0.006
333,90,,Got Friends,Discus 2c [Free & Premium],1,156,Glider,B,,7 Apr 2022,1089,0.006
86,91,,Asobo,Diamond DA62[X] (Modded),1,157,Piston GA,F,,30 Mar 2022,1097,0.006
332,92,,Wing42,Boeing 247D,1,157,Vintage / Biplane,P,,4 Apr 2022,1092,0.006
347,93,,Red Wing,Lockheed L-1049 Super-Constellation,1,157,Airliner,P,,2 Apr 2022,1094,0.006
348,94,,Asobo,"CubCrafters XCub
(stock and with Bush League mod)",1,157,Piston GA,F,,30 Mar 2022,1097,0.006
357,95,,Microsoft ,Dornier Do J Wal,1,157,Seaplane,P,,2 Apr 2022,1094,0.006
363,96,,Asobo,Zlin Shock Ultra,1,157,Piston GA,D,,29 Mar 2022,1098,0.006
19,97,,Flying Iron,Spitfire Mk. IX,1,158,Warbird (Classic),P,,27 Mar 2022,1100,0.006
31,98,,Flying Iron,P-38 Lightning ,1,158,Military (Modern),P,,27 Mar 2022,1100,0.006
85,99,,Asobo,"Cessna C208B Grand Caravan EX 
(with & without mod)",1,158,Turboprop,F,,28 Mar 2022,1099,0.006
87,100,,HPG,Airbus H145,1,158,Helicopter,P,,27 Mar 2022,1100,0.006
89,101,,Black Box Sim,BN 2 Islander,1,158,Piston GA,P,,27 Mar 2022,1100,0.006
359,102,,Asobo,Diamond DA40 (with & without mod),1,158,Piston GA,F,,28 Mar 2022,1099,0.006
374,103,,Asobo,Cessna Longitude,1,158,Business Jet,D,,27 Mar 2022,1100,0.006
375,104,,IndiaFoxtEcho,F-35 Lightning II,1,158,Military (Modern),P,,27 Mar 2022,1100,0.006
380,105,,Parallel 42,Freedom Fox / Fox2,1,158,Piston GA,P,,27 Mar 2022,1100,0.006
381,106,,AT Simulations,Focke-Wulf / Piaggio 149D,1,158,Piston GA,P,,27 Mar 2022,1100,0.006
382,107,,MilViz / Blackbird,FG-1D Corsair,1,158,Warbird (Classic),P,,27 Mar 2022,1100,0.006
386,108,,Asobo / WT,Cessna Citation CJ4,1,158,Business Jet,F,,27 Mar 2022,1100,0.006
396,109,,Mario Noriega,Caproni-Vizzola C-22J Ventura,1,158,Business Jet,P,,27 Mar 2022,1100,0.006
39,110,,Parallel 42,Juice Goose (offroad buggy),0,15,Other,P,,17 Feb 2025,104,0.000
40,111,,Classics Hangar,Klemm L25,0,15,Vintage / Biplane,P,,17 Feb 2025,104,0.000
34,112,,Hangar Studios 713,American Champion Super Decathlon,0,18,Piston GA,P,,29 Jan 2025,123,0.000
42,113,,FlightFX,Joby S4,0,21,Helicopter,F,,7 Jan 2025,145,0.000
92,114,,Got Friends,Stemme S12,0,21,Glider,D,,7 Jan 2025,145,0.000
93,115,,Got Friends,Pipstrel Taurus M2,0,21,Glider,D,,7 Jan 2025,145,0.000
95,116,,Asobo,Air Tractor AT-802,0,23,Piston GA,F,,29 Dec 2024,154,0.000
10,117,,Microsoft / BlueMesh,Magni Gyro M-24 Orion,0,24,Ultralight / Sports,F,,22 Dec 2024,161,0.000
96,118,,iniBuilds / Hans Hartmann,de Havilland DHC-6 Twin Otter (2024),0,24,Turboprop,F,,22 Dec 2024,161,0.000
11,119,,Got Friends,Zlin Norden,0,27,Piston GA,D,,27 Nov 2024,186,0.000
48,120,,HPG,Airbus H225,0,27,Helicopter,D,,27 Nov 2024,186,0.000
100,121,,AT Simulations,Dornier Seastar,0,27,Piston GA,D,,25 Nov 2024,188,0.000
101,122,,Black Box Sim,BN2T Islander Turboprop,0,28,Piston GA,P,,24 Nov 2024,189,0.000
102,123,,Restauravia,Nord N3400,0,29,Piston GA,F,,11 Nov 2024,202,0.000
103,124,,iniBuilds,Lockheed T-33,0,31,Military (Modern),P,,28 Oct 2024,216,0.000
104,125,,Flying Iron,Focke-Wulf Fw 190 A-8,0,34,Warbird (Classic),P,,13 Oct 2024,231,0.000
105,126,,Kuro,Boeing 787-8,0,34,Airliner,F,,13 Oct 2024,231,0.000
106,127,,LatinVFR,Airbus A340,0,34,Airliner,P,,11 Oct 2024,233,0.000
107,128,,Got Friends,Experimental MXA,0,34,Piston GA,F,,11 Oct 2024,233,0.000
108,129,,FlynDive,Grumman J2F Duck,0,34,Seaplane,F,,11 Oct 2024,233,0.000
109,130,,Virtavia,Grumman HU-16 Albatross,0,34,Seaplane,F,,11 Oct 2024,233,0.000
110,131,,RPSimulations,Embraer EMB-312 Tucano,0,34,Turboprop,P,,11 Oct 2024,233,0.000
111,132,,jXt Simulations,Bell 505,0,35,Helicopter,F,,2 Oct 2024,242,0.000
112,133,,Golden Key Studios,Mikoyan-Gurevich MiG-25PD “Foxbat”,0,35,Military (Modern),P,,2 Oct 2024,242,0.000
114,134,,EZMods,XCub Extreme,0,36,Piston GA,F,,29 Sep 2024,245,0.000
115,135,,FlyInside ,Rotorway RW162F / JetExec,0,36,Helicopter,P,,28 Sep 2024,246,0.000
117,136,,TukanFlightSim,Ford Trimotor 5AT ,0,40,Vintage / Biplane,P,,30 Aug 2024,275,0.000
21,137,,Fenix,Airbus A319/A321 (Expansion),0,41,Airliner,P,,20 Aug 2024,285,0.000
118,138,,MADolo Simulations,Jonker JS3,0,41,Glider,F,,24 Aug 2024,281,0.000
119,139,,Hangar Studios 713,Ryan Nation B,0,41,Piston GA,P,,24 Aug 2024,281,0.000
55,140,,The Flying Freja,Blackburn Buccaneer,0,42,Military (Modern),F,,14 Aug 2024,291,0.000
120,141,,FastCow Simulation,Cicaré 8R,0,42,Helicopter,P,,18 Aug 2024,287,0.000
121,142,,FlightSim Studio,Boeing 727-200,0,42,Airliner,P,,15 Aug 2024,290,0.000
22,143,,IndiaFoxtEcho,Panavia Tornado,0,43,Military (Modern),P,,9 Aug 2024,296,0.000
122,144,,iniBuilds / Microsoft,Westland Scout / Wasp,0,43,Helicopter,P,,9 Aug 2024,296,0.000
123,145,,Captain Sim,"Lockheed C-130 Hercules
(all variants)",0,46,Military (Modern),P,,17 Jul 2024,319,0.000
124,146,,Virtavia,Handley Page Hampden,0,46,Warbird (Classic),P,,17 Jul 2024,319,0.000
125,147,,Heaven Designs / Giba,Airbus H120 (HVN-120),0,46,Helicopter,P,,17 Jul 2024,319,0.000
126,148,,Deimos Inc.,Grumman A-6 Intruder,0,46,Military (Modern),P,,17 Jul 2024,319,0.000
127,149,,Sal1800,Cessna T206H Stationair,0,47,Piston GA,F,,14 Jul 2024,322,0.000
128,150,,Deimos Inc.,Sukhoi Su-27 Flanker,0,48,Military (Modern),P,,1 Jul 2024,335,0.000
131,151,,Aviacion Espanola,Hispano Aviacion HA-200 / HA-220 “Saeta”,0,50,Military (Modern),P,,21 Jun 2024,345,0.000
56,152,,Aeroplane Heaven,Hawker Hurricane,0,50,Warbird (Classic),P,,17 Jun 2024,349,0.000
132,153,,Microsoft / iniBuilds,Short SC.7 Skyvan,0,51,Turboprop,P,,16 Jun 2024,350,0.000
136,154,,Red Wing,Z139 Hindenburg Zeppelin,0,57,Other,P,,30 Apr 2024,397,0.000
138,155,,Aeroplane Heaven,Republic P-47 D Razorback,0,57,Warbird (Classic),P,,30 Apr 2024,397,0.000
57,156,,Cowan Sim,Robinson R22,0,57,Helicopter,P,,29 Apr 2024,398,0.000
58,157,,Just Flight,Piper PA-38 Tomahawk,0,57,Piston GA,P,,29 Apr 2024,398,0.000
137,158,,Heaven Designs / Giba,Maule MX-7-180,0,57,Piston GA,P,,29 Apr 2024,398,0.000
139,159,,Microsoft / iniBuilds,Dornier Do 31,0,58,Vintage / Biplane,P,,26 Apr 2024,401,0.000
140,160,,Golden Key Studios,General Dynamics F-111E Aardvark,0,59,Military (Modern),P,,19 Apr 2024,408,0.000
141,161,,BT Studio,Piper J3C-65 Cub,0,59,Piston GA,P,,19 Apr 2024,408,0.000
142,162,,AzurPoly,North American Rockwell OV-10 Bronco,0,59,Military (Modern),P,,15 Apr 2024,412,0.000
143,163,,Virtavia,Douglas A-4 Skyhawk,0,61,Military (Modern),P,,4 Apr 2024,423,0.000
144,164,,HCG,Mosquito XE,0,61,Helicopter,F,,2 Apr 2024,425,0.000
145,165,,Leonardo,Maddog MD-83/88,0,61,Airliner,P,,2 Apr 2024,425,0.000
146,166,,iniBuilds,Airbus A320neo (V2),0,62,Airliner,F,,26 Mar 2024,432,0.000
24,167,,Miltech Simulations,Boeing CH47D Chinook,0,63,Helicopter,P,,20 Mar 2024,438,0.000
147,168,,Flying Fries,Hughes XF-11,0,64,Warbird (Classic),P,,13 Mar 2024,445,0.000
148,169,,Carenado,Piper PA28R-201 Arrow III,0,64,Piston GA,P,,14 Mar 2024,444,0.000
149,170,,TFDi,McDonnell Douglas MD-11,0,64,Airliner,P,,12 Mar 2024,446,0.000
150,171,,iniBuilds / Microsoft,Bell 47J Ranger,0,65,Helicopter,P,,5 Mar 2024,453,0.000
151,172,,Flight Replicas,de Havilland DH.82 Fox Moth,0,65,Vintage / Biplane,P,,5 Mar 2024,453,0.000
152,173,,AzurPoly,Bede BD-5J,0,66,Ultralight / Sports,P,,2 Mar 2024,456,0.000
153,174,,Microsoft,Ornithopter (Dune Expansion DLC),0,66,Other,F,,2 Mar 2024,456,0.000
154,175,,Golden Age Simulations,"Boeing Stearman Model 75
(PT-17 / PT-13)",0,67,Vintage / Biplane,P,,21 Feb 2024,466,0.000
155,176,,CJ Simulations,Dassault Rafale (R-FAL),0,68,Military (Modern),P,,12 Feb 2024,475,0.000
15,177,,Cowan Sim,Robinson R66,0,71,Helicopter,P,,23 Jan 2024,495,0.000
156,178,,Cockspur,Embraer Phenom 100,0,71,Business Jet,P,,27 Jan 2024,491,0.000
157,179,,A1R Design,Shavrov Sh-2 amphibian,0,71,Seaplane,P,,27 Jan 2024,491,0.000
158,180,,Cera Simulations,Mil Mi-17,0,71,Helicopter,P,,27 Jan 2024,491,0.000
159,181,,LatinVFR,Airbus A320neo,0,72,Airliner,P,,16 Jan 2024,502,0.000
160,182,,PILOT’S,de Havilland Canada DHC-7 Dash 7,0,74,Turboprop,P,,7 Jan 2024,511,0.000
161,183,,Lionheart Creations,Ballanca Super Viking,0,75,Piston GA,P,,25 Dec 2023,524,0.000
163,184,,Microsoft / Carenado,Cessna T207A Turbo Stationair ,0,76,Piston GA,P,,24 Dec 2023,525,0.000
164,185,,Ant’s Airplanes,CAC-25 Winjeel,0,77,Vintage / Biplane,P,,15 Dec 2023,534,0.000
166,186,,Horizon Simulations,Boeing 787-9,0,78,Airliner,F,,6 Dec 2023,543,0.000
167,187,,iniBuilds / Microsoft,Mitsubishi MU-2,0,78,Turboprop,P,,6 Dec 2023,543,0.000
168,188,,Heaven Designs,HVN-4B Global Hawk,0,78,Military (Modern),P,,6 Dec 2023,543,0.000
64,189,,Flight Replicas,Spitfire Mk.Ia / Mk.IIa,0,79,Warbird (Classic),P,,1 Dec 2023,548,0.000
169,190,,Taog’s Hangar,SA315B Lama,0,79,Helicopter,P,,29 Nov 2023,550,0.000
170,191,,iniBuilds / Microsoft,Saab B-17,0,79,Vintage / Biplane,P,,1 Dec 2023,548,0.000
171,192,,Ariebaba,North American Rockwell OV-10 Bronco,0,79,Warbird (Classic),F,,27 Nov 2023,552,0.000
172,193,,Fsadnis ,Messerschmitt Me 262 A-1a,0,79,Warbird (Classic),F,,27 Nov 2023,552,0.000
173,194,,Fsadnis ,Avro Vulcan B2,0,79,Military (Modern),F,,27 Nov 2023,552,0.000
174,195,,VrilleAPlat,Cessna A-37B Dragonfly,0,79,Military (Modern),F,,27 Nov 2023,552,0.000
175,196,,Scheny,Beast Horus Microjet,0,79,Ultralight / Sports,F,,27 Nov 2023,552,0.000
176,197,,Got Friends,Fokker Dr.1,0,81,Vintage / Biplane,F,,13 Nov 2023,566,0.000
177,198,,Black Box Sim,Shorts SD-30 Series,0,82,Turboprop,P,,6 Nov 2023,573,0.000
26,199,,Got Friends,F4F-4 Wildcat,0,88,Warbird (Classic),P,,29 Sep 2023,611,0.000
178,200,,Rara-Avis Sims,English Electric Wren,0,88,Vintage / Biplane,P,,29 Sep 2023,611,0.000
179,201,,KwikFlight,B-2 Spirit,0,88,Military (Modern),P,,25 Sep 2023,615,0.000
180,202,,Bear Studios ,MiG-15bis,0,90,Military (Modern),P,,11 Sep 2023,629,0.000
181,203,,Microsoft,Aero Vodochody Ae-45,0,91,Vintage / Biplane,P,,4 Sep 2023,636,0.000
183,204,,MScenery,Grumman X-47B,0,91,Other,P,,4 Sep 2023,636,0.000
184,205,,Microsoft / Aeroplane Heaven,Ford 4-AT Trimotor,0,92,Vintage / Biplane,P,,29 Aug 2023,642,0.000
185,206,,Cowan Sim,Bell 206-L3 LongRanger,0,94,Helicopter,P,,17 Aug 2023,654,0.000
186,207,,Asobo,Wright Flyer,0,94,Vintage / Biplane,F,,14 Aug 2023,657,0.000
187,208,,Ysim,SubSonex JSX-2,0,96,Ultralight / Sports,P,,3 Aug 2023,668,0.000
189,209,,Shrike Simulations,MD-530F,0,97,Helicopter,P,,28 Jul 2023,674,0.000
191,210,,iniBuilds,Messerschmitt Bf 108 B Typhoon,0,97,Warbird (Classic),P,,25 Jul 2023,677,0.000
188,211,,BlueMesh,Caudron C.430 Rafale,0,97,Piston GA,P,,24 Jul 2023,678,0.000
190,212,,DC Designs,F-4 Phantom,0,97,Military (Modern),P,,24 Jul 2023,678,0.000
192,213,,VrilleAPlat,Cessna T-37 Tweet,0,97,Piston GA,P,,24 Jul 2023,678,0.000
194,214,,Microsoft / Aeroplane Heaven,Boeing 307 Stratoliner ,0,100,Vintage / Biplane,P,,3 Jul 2023,699,0.000
195,215,,Microsoft / BlueMesh,Latécoère 631,0,101,Seaplane,P,,30 Jun 2023,702,0.000
197,216,,Orbx ,Blackwing BW635RG,0,101,Piston GA,P,,30 Jun 2023,702,0.000
198,217,,Cowan Sim,Bell 222B,0,101,Helicopter,P,,27 Jun 2023,705,0.000
199,218,,Nemeth Designs,Schweizer S300,0,101,Helicopter,P,,27 Jun 2023,705,0.000
66,219,,Carenado,Cessna 182RG II,0,102,Piston GA,P,,19 Jun 2023,713,0.000
201,220,,HCG,Spartan 7W Executive,0,102,Piston GA,P,,19 Jun 2023,713,0.000
202,221,,Flying Fries,Scrapyard Monster,0,102,Piston GA,F,,19 Jun 2023,713,0.000
203,222,,Dave Garwood,Twin Hawker Hunter,0,105,Military (Modern),F,,3 Jun 2023,729,0.000
204,223,,Flight Replicas,PA-11 Cub Special,0,106,Piston GA,P,,27 May 2023,736,0.000
205,224,,Deimos Inc.,A-10C Thunderbolt II “Warthog”,0,106,Military (Modern),P,,25 May 2023,738,0.000
206,225,,BRsim Designs,Embraer EMB121A1-Xingu II,0,106,Piston GA,P,,23 May 2023,740,0.000
207,226,,Rara-Avis Sims,Bulldog Autogyro,0,106,Ultralight / Sports,P,,22 May 2023,741,0.000
209,227,,AzurPoly,C-160 Transall,0,108,Turboprop,P,,9 May 2023,754,0.000
210,228,,Taog’s Hangar,Aérospatiale Alouette III,0,108,Helicopter,P,,9 May 2023,754,0.000
212,229,,ROPROD Audiovisual,Sea Ray L510,0,110,Other,P,,24 Apr 2023,769,0.000
213,230,,Asobo,Diamond DV20,0,111,Piston GA,D,,21 Apr 2023,772,0.000
214,231,,Got Friends,Astro ONE,0,111,Helicopter,P,,22 Apr 2023,771,0.000
215,232,,Flight g42as,P-40N WarHawk,0,111,Warbird (Classic),P,,19 Apr 2023,774,0.000
216,233,,Flysimware,Nieuport 24,0,111,Vintage / Biplane,P,,23 Apr 2023,770,0.000
217,234,,TouchingCloud,JW1 Jetpack,0,111,Ultralight / Sports,F,,21 Apr 2023,772,0.000
218,235,,Big Radials,Noorduyn Norseman,0,112,Piston GA,P,,16 Apr 2023,777,0.000
219,236,,PILOT’S,Boeing B-314 Clipper,0,113,Vintage / Biplane,P,,5 Apr 2023,788,0.000
220,237,,Rara-Avis Sims,Zippy Sport,0,113,Ultralight / Sports,P,,9 Apr 2023,784,0.000
221,238,,SimWorks Studio,Vans RV-10,0,114,Piston GA,P,,1 Apr 2023,792,0.000
222,239,,Cowan Sim,Airbus H125,0,114,Helicopter,P,,30 Mar 2023,794,0.000
27,240,,Black Square,"Beechcraft Baron B58
(Steam Gauge Overhaul)",0,114,Piston GA,P,,27 Mar 2023,797,0.000
223,241,,Microsoft / AT Simulations,Antonov An-2,0,115,Piston GA,P,,26 Mar 2023,798,0.000
224,242,,Got Friends,Lake Skipper,0,115,Ultralight / Sports,F,,25 Mar 2023,799,0.000
225,243,,FlightSim Studio,Embraer E-Jets Series,0,116,Airliner,P,,17 Mar 2023,807,0.000
226,244,,FlightSim Studio,Tecnam P2006T MKII,0,116,Piston GA,P,,17 Mar 2023,807,0.000
227,245,,LivToAir,Sbach 342 (XA42),0,116,Ultralight / Sports,P,,15 Mar 2023,809,0.000
68,246,,Black Square,"Beechcraft Bonanza A36
(Steam Gauge Overhaul)",0,117,Piston GA,P,,9 Mar 2023,815,0.000
228,247,,Rara-Avis Sims,"Mignet Pou-du-Ciel HM.14(The “Flying Flea”)",0,117,Ultralight / Sports,P,,12 Mar 2023,812,0.000
229,248,,Lightsim,TL Stream Ultralight,0,117,Ultralight / Sports,P,,12 Mar 2023,812,0.000
70,249,,Microsoft / iniBuilds,Antonov An-225 Mriya,0,109,Other,P,,5 Mar 2023,757,0.000
231,250,,Asobo,Pipistrel Virus SW 121,0,118,Piston GA,D,,28 Feb 2023,824,0.000
232,251,,Asobo,Curtiss JN-4D Jenny,0,119,Vintage / Biplane,F,,24 Feb 2023,828,0.000
233,252,,Golden Key Studios,MiG-21Bis Fishbed,0,119,Military (Modern),P,,24 Feb 2023,828,0.000
234,253,,TouchingCloud,Kamov Ka-10M HAT,0,119,Helicopter,P,,24 Feb 2023,828,0.000
235,254,,Asobo,DG Aviation LS8-18,0,119,Glider,F,,24 Feb 2023,828,0.000
236,255,,RealPhysics,Dorand AR.1,0,119,Vintage / Biplane,P,,20 Feb 2023,832,0.000
238,256,,PMDG,Boeing 737-900,0,120,Airliner,P,,14 Feb 2023,838,0.000
239,257,,Deimos Inc.,G39 Griffin / Jas-39 Gripen,0,120,Military (Modern),P,,18 Feb 2023,834,0.000
240,258,,WombiiActual,Witch,0,120,Other,F,,14 Feb 2023,838,0.000
241,259,,WombiiActual,Ducky,0,120,Other,F,,14 Feb 2023,838,0.000
69,260,,Got Friends,Revolution Mini-500,0,120,Helicopter,P,,13 Feb 2023,839,0.000
237,261,,MADolo Simulations,Rolladen-Schneider LS4,0,120,Glider,F,,13 Feb 2023,839,0.000
242,262,,Orangener,Flying Toilet,0,120,Other,F,,13 Feb 2023,839,0.000
243,263,,Red Wing,Farman F.60 Goliath,0,121,Vintage / Biplane,P,,11 Feb 2023,841,0.000
244,264,,Cowan Sim,McDonnell Douglas 500E,0,121,Helicopter,P,,11 Feb 2023,841,0.000
245,265,,Sal1800,Brown B-2 Racer,0,121,Vintage / Biplane,F,,11 Feb 2023,841,0.000
246,266,,Carenado,Piper Archer II,0,122,Piston GA,P,,1 Feb 2023,851,0.000
71,267,,Asobo,CubCrafters NX Cub,0,123,Piston GA,F,,25 Jan 2023,858,0.000
247,268,,Cowan Sim,Bell 206-B JetRanger,0,123,Helicopter,P,,28 Jan 2023,855,0.000
248,269,,Lionheart Creations,Pasped Skylark,0,123,Vintage / Biplane,P,,28 Jan 2023,855,0.000
249,270,,Asobo,Extra 330-LT,0,123,Ultralight / Sports,F,,24 Jan 2023,859,0.000
72,271,,IndiaFoxtEcho,Ratan Model 61 Long-EZ,0,125,Ultralight / Sports,P,,10 Jan 2023,873,0.000
250,272,,Miltech Simulations,Bell Boeing V-22 Osprey,0,125,Helicopter,P,,15 Jan 2023,868,0.000
251,273,,LatinVFR,Airbus A318,0,125,Airliner,P,,12 Jan 2023,871,0.000
252,274,,Aerosoft,SeaRey Elite,0,125,Ultralight / Sports,P,,12 Jan 2023,871,0.000
253,275,,Microsoft / Mike Johnson,Savoia-Marchetti S.55,0,125,Seaplane,P,,15 Jan 2023,868,0.000
254,276,,Project Mega Pack,Airbus A330-300,0,125,Airliner,F,,15 Jan 2023,868,0.000
255,277,,Microsoft / iniBuilds,Grumman G-21A Goose,0,126,Vintage / Biplane,F,,4 Jan 2023,879,0.000
256,278,,Orbx ,PAC P-750 XSTOL,0,126,Turboprop,P,,3 Jan 2023,880,0.000
257,279,,V.G.P,PowerSTOL,0,126,Piston GA,P,,3 Jan 2023,880,0.000
258,280,,Microsoft / BlueMesh,Ryan NYP Spirit of St. Louis,0,126,Vintage / Biplane,F,,2 Jan 2023,881,0.000
259,281,,FlyInside ,Bell 206 JetRanger,0,128,Helicopter,P,,25 Dec 2022,889,0.000
260,282,,CJ Simulations,Eurofighter Typhoon,0,128,Military (Modern),P,,24 Dec 2022,890,0.000
261,283,,Aeroplane Heaven,de Havilland Canada DHC-1 Chipmunk,0,129,Piston GA,P,,16 Dec 2022,898,0.000
262,284,,OzWookiee,Grumman Goose G21-A Redux II,0,129,Vintage / Biplane,F,,17 Dec 2022,897,0.000
263,285,,Captain Sim,Boeing 777-300ER,0,130,Airliner,P,,9 Dec 2022,905,0.000
264,286,,iniBuilds,Curtiss P-40F Warhawk,0,130,Piston GA,P,,7 Dec 2022,907,0.000
73,287,,DC Designs,AV-8B / GR9 Harrier II,0,131,Military (Modern),P,,29 Nov 2022,915,0.000
265,288,,Asobo / FlightSim Studio,DG Aviation DG1001E neo,0,133,Glider,F,,16 Nov 2022,928,0.000
76,289,,Asobo / Blackbird,DHC-2 Beaver,0,134,Piston GA,F,,12 Nov 2022,932,0.000
266,290,,Microsoft / Nemeth,Bell 407,0,133,Helicopter,F,,14 Nov 2022,930,0.000
268,291,,Microsoft / BlueMesh,"Hughes H-4 Hercules ""Spruce Goose""",0,134,Military (Modern),F,,12 Nov 2022,932,0.000
269,292,,Headwind,Airbus A330-900,0,134,Airliner,F,,12 Nov 2022,932,0.000
270,293,,P McDonell & Philippe Wallaert,Avro Canada CF-105 Arrow Mk.2,0,134,Military (Modern),F,,9 Nov 2022,935,0.000
271,294,,Iris Simulations,Pilatus PC-21,0,134,Turboprop,P,,7 Nov 2022,937,0.000
272,295,,Asobo,Junkers F13,0,134,Vintage / Biplane,P,,7 Nov 2022,937,0.000
273,296,,Cockspur,Cessna 510 Mustang,0,137,Business Jet,P,,19 Oct 2022,956,0.000
274,297,,Black Square,King Air 350 (Steam Gauge Overhaul),0,138,Turboprop,P,,12 Oct 2022,963,0.000
275,298,,Aerial Sim,F-117A Nighthawk,0,138,Military (Modern),P,,13 Oct 2022,962,0.000
276,299,,Asobo / Carenado,Cessna 195 Businessliner,0,139,Piston GA,P,,4 Oct 2022,971,0.000
277,300,,HPG,Hot Air Balloon,0,139,Other,P,,6 Oct 2022,969,0.000
278,301,,IndiaFoxtEcho,Leonardo M-346,0,139,Military (Modern),P,,4 Oct 2022,971,0.000
78,302,,Flying Iron,Grumman F6F-5 Hellcat,0,140,Warbird (Classic),P,,26 Sep 2022,979,0.000
279,303,,LatinVFR,Airbus A321neo (with & without mods),0,142,Airliner,P,,14 Sep 2022,991,0.000
280,304,,LatinVFR,Airbus A319,0,142,Airliner,P,,14 Sep 2022,991,0.000
281,305,,Delta Simulations (Destroyer121),Boeing C-17 Globemaster III,0,142,Military (Modern),F,,14 Sep 2022,991,0.000
282,306,,Roland Laborie,Canadair CL-215,0,142,Seaplane,F,,14 Sep 2022,991,0.000
79,307,,Carenado,Pilatus PC-12,0,143,Turboprop,P,,6 Sep 2022,999,0.000
283,308,,Deimos Inc.,Air Creation Tanarg 912,0,142,Ultralight / Sports,P,,12 Sep 2022,993,0.000
284,309,,Lionheart Creations,LearAvia Lear Fan 2100 ,0,143,Turboprop,P,,6 Sep 2022,999,0.000
285,310,,Hangar Studios 713,Camair 480 Twin Navion,0,144,Piston GA,P,,2 Sep 2022,1003,0.000
286,311,,HCG,Guimbal Cabri G2 ,0,144,Helicopter,F,,2 Sep 2022,1003,0.000
287,312,,WB-Sim,Cessna 172SP Classic Enhancement,0,145,Piston GA,P,,26 Aug 2022,1010,0.000
288,313,,Microsoft / Carenado,Beechcraft Bonanza V35B V-Tail,0,146,Piston GA,P,,20 Aug 2022,1016,0.000
289,314,,Flight Replicas,Piper L-4 Grasshopper,0,146,Piston GA,P,,15 Aug 2022,1021,0.000
290,315,,Aeroplane Heaven,Globe Swift GC-1A,0,147,Piston GA,P,,13 Aug 2022,1023,0.000
291,316,,Got Friends,Gee Bee R3 Special,0,149,Ultralight / Sports,P,,26 Jul 2022,1041,0.000
292,317,,Top Mach Studio,F-22 Raptor,0,149,Military (Modern),P,,26 Jul 2022,1041,0.000
293,318,,Black Square,"Cessna C208B Grand Caravan
(Steam Gauge Overhaul)",0,150,Turboprop,P,,24 Jul 2022,1043,0.000
294,319,,Got Gravel,Zlin & Gravel Savage Grravel,0,151,Piston GA,F,,14 Jul 2022,1053,0.000
295,320,,Deejing ,B&F Technik Vertriebs FK9 Mark 4,0,151,Piston GA,F,,14 Jul 2022,1053,0.000
296,321,,Asobo,L-39 Albatross,0,152,Military (Modern),P,,7 Jul 2022,1060,0.000
297,322,,Deimos Inc.,MiG 29 Fulcrum,0,152,Military (Modern),P,,7 Jul 2022,1060,0.000
81,323,,Dave Garwood,Hawker Hunter,0,153,Military (Modern),F,,27 Jun 2022,1070,0.000
299,324,,AzurPoly,Socata TB-30 Epsilon,0,154,Piston GA,P,,25 Jun 2022,1072,0.000
300,325,,MADolo Simulations,Alexander Schleicher AS33-me,0,154,Glider,F,,20 Jun 2022,1077,0.000
301,326,,Sim Skunk Works,Aeritalia-Fiat G-91,0,154,Military (Modern),P,,20 Jun 2022,1077,0.000
302,327,,Asobo,DA-77 Pelican,0,155,Other,F,,16 Jun 2022,1081,0.000
303,328,,Black Box Sim,Scottish Aviation Bulldog,0,155,Piston GA,P,,14 Jun 2022,1083,0.000
83,329,,FlightFX,Honda HA420 (Marwan Gharib HJet),0,148,Business Jet,P,,1 Jun 2022,1034,0.000
304,330,,Carenado,Waco YMF 5,0,148,Vintage / Biplane,P,,3 Jun 2022,1032,0.000
305,331,,FSReborn,Sting S4,0,148,Ultralight / Sports,P,,3 Jun 2022,1032,0.000
306,332,,Asobo,P51D Mustang,0,148,Warbird (Classic),P,,2 Jun 2022,1033,0.000
307,333,,IndiaFoxtEcho,Goshawk T-45,0,148,Military (Modern),P,,2 Jun 2022,1033,0.000
308,334,,Asobo,SR-72 Darkstar  (Top Gun DLC | fictional),0,149,Military (Modern),F,,26 May 2022,1040,0.000
309,335,,Asobo,Gee Bee R-2 & Z,0,149,Turboprop,P,,26 May 2022,1040,0.000
310,336,,Asobo,Aero L-39 Albatross,0,149,Military (Modern),P,,26 May 2022,1040,0.000
312,337,,FrenchVFR,PBY Catalina,0,150,Seaplane,F,,22 May 2022,1044,0.000
313,338,,Asobo,JMB VL3 (with & without mods),0,150,Piston GA,F,,20 May 2022,1046,0.000
314,339,,BRsim Designs,Bonanza H35 V-Tail,0,150,Piston GA,P,,22 May 2022,1044,0.000
315,340,,GotGravel,Zlin Savage Carbon,0,151,Piston GA,F,,12 May 2022,1054,0.000
316,341,,BT Studio,Kitfox S7 STi,0,151,Piston GA,P,,11 May 2022,1055,0.000
317,342,,Asobo,Zlin Savage Cub (with & without mod),0,151,Piston GA,F,,10 May 2022,1056,0.000
318,343,,Wing42,Blériot XI (any variant),0,151,Vintage / Biplane,P,,10 May 2022,1056,0.000
319,344,,Black Box Sim,BN2A Trislander,0,152,Piston GA,P,,4 May 2022,1062,0.000
320,345,,NextGen Simulations,Embraer EMB 110 Bandeirante,0,152,Airliner,P,,4 May 2022,1062,0.000
321,346,,Asobo ,Boeing 787-10 Dreamliner,0,152,Airliner,D,,5 May 2022,1061,0.000
322,347,,Asobo ,Boeing 737 Max,0,152,Airliner,F,,5 May 2022,1061,0.000
323,348,,Leonardo,Maddog MD-82,0,152,Airliner,P,,3 May 2022,1063,0.000
311,349,,Big Radials,Curtiss P40-B Tomahawk,0,162,Warbird (Classic),P,,28 Apr 2022,1130,0.000
325,350,,Big Radials,Nieuport 17,0,153,Vintage / Biplane,P,,28 Apr 2022,1068,0.000
326,351,,Carenado,Cessna CT182-T Skylane,0,154,Piston GA,P,,25 Apr 2022,1071,0.000
328,352,,SimWorks Studio,Vans RV-14/14A,0,154,Ultralight / Sports,P,,22 Apr 2022,1074,0.000
329,353,,Lionheart Creations,Bucker Bu-131 Jungmann,0,154,Vintage / Biplane,P,,19 Apr 2022,1077,0.000
330,354,,Aeroplane Heaven,Electra 10-A,0,154,Vintage / Biplane,P,,19 Apr 2022,1077,0.000
331,355,,HPG,Airbus H135,0,155,Helicopter,F,,17 Apr 2022,1079,0.000
334,356,,AzurPoly,Fouga CM.170 Magister,0,156,Military (Modern),P,,7 Apr 2022,1089,0.000
335,357,,VirtualCol,Embraer 170/175,0,156,Airliner,P,,6 Apr 2022,1090,0.000
336,358,,Carenado,Cessna C170-B,0,156,Piston GA,P,,5 Apr 2022,1091,0.000
337,359,,Asobo,Icon A5,0,156,Piston GA,F,,7 Apr 2022,1089,0.000
338,360,,SimWorks Studio,Zenith CH701 STOL,0,156,Piston GA,P,,6 Apr 2022,1090,0.000
339,361,,Asobo,Pilatus PC-6 Porter (+GotGravel mod),0,156,Turboprop,F,,6 Apr 2022,1090,0.000
340,362,,Asobo,Volocity (Volocopter),0,156,Helicopter,F,,6 Apr 2022,1090,0.000
341,363,,TouchingCloud,DG-808S,0,156,Glider,F,,7 Apr 2022,1089,0.000
342,364,,Asobo,King Air 350i,0,156,Turboprop,F,,10 Apr 2022,1086,0.000
343,365,,Asobo,Beechcraft / Textron Baron G58,0,156,Piston GA,D,,7 Apr 2022,1089,0.000
344,366,,Flysimware,Grumman G44A Widgeon,0,156,Piston GA,P,,7 Apr 2022,1089,0.000
345,367,,Asobo ,Boeing 747,0,156,Airliner,F,,6 Apr 2022,1090,0.000
346,368,,Captain Sim,Boeing 777-200ER,0,156,Airliner,P,,6 Apr 2022,1090,0.000
29,369,,Asobo,Aviat Husky A-1C,0,157,Piston GA,P,,2 Apr 2022,1094,0.000
327,370,,Aeroplane Heaven,Spitfire Mk. 1A,0,166,Warbird (Classic),P,,30 Mar 2022,1159,0.000
351,371,,A1R Design,Ryan ST-A Special,0,157,Vintage / Biplane,P,,30 Mar 2022,1097,0.000
352,372,,DC Designs ,Concorde,0,157,Airliner,P,,30 Mar 2022,1097,0.000
353,373,,GotGravel,Vertigo,0,157,Turboprop,F,,30 Mar 2022,1097,0.000
354,374,,Asobo,Aviat Pitts Special,0,157,Ultralight / Sports,F,,31 Mar 2022,1096,0.000
355,375,,Rotorsim Pilot,H125,0,157,Helicopter,F,,1 Apr 2022,1095,0.000
356,376,,Dave Garwood,DeHaviiland DH89 Dragon Rapide,0,157,Vintage / Biplane,F,,2 Apr 2022,1094,0.000
358,377,,Aeroplane Heaven,P51D Mustang,0,157,Warbird (Classic),P,,30 Mar 2022,1097,0.000
360,378,,Asobo,Top Rudder 103 Solo Aerolite,0,157,Ultralight / Sports,P,,29 Mar 2022,1098,0.000
362,379,,Rotorsim Pilot,Robinson R44,0,157,Helicopter,F,,29 Mar 2022,1098,0.000
32,380,,Just Flight,Piper Turbo Arrow 3/4 (and non-Turbo),0,158,Piston GA,P,,27 Mar 2022,1100,0.000
88,381,,Asobo ,Bonanza G36 (with & without mods),0,158,Piston GA,F,,27 Mar 2022,1100,0.000
90,382,,Asobo,Cirrus SR-22 / SR-22T G6,0,158,Piston GA,D,,27 Mar 2022,1100,0.000
349,383,,Asobo,"Daher TBM 930
(inc. with improvement mod)",0,158,Turboprop,F,,28 Mar 2022,1099,0.000
350,384,,Asobo,Robin DR400-180,0,158,Piston GA,F,,28 Mar 2022,1099,0.000
361,385,,Asobo,Junkers JU52,0,158,Vintage / Biplane,P,,28 Mar 2022,1099,0.000
364,386,,Aeroplane Heaven,Cessna 140,0,158,Piston GA,P,,28 Mar 2022,1099,0.000
365,387,,Asobo,Beechcraft Staggerwing,0,158,Vintage / Biplane,P,,28 Mar 2022,1099,0.000
366,388,,Asobo,F-18 Hornet,0,158,Military (Modern),F,,28 Mar 2022,1099,0.000
367,389,,Sim Skunk Works,TF-104 G Starfighter,0,158,Military (Modern),P,,28 Mar 2022,1099,0.000
368,390,,Fsadnis ,Hurricane,0,158,Warbird (Classic),F,,28 Mar 2022,1099,0.000
369,391,,Iris Simulations,Jabiru J160 / 170,0,158,Piston GA,P,,28 Mar 2022,1099,0.000
370,392,,Top Mach Studio,F-22 Raptor,0,158,Military (Modern),F,,28 Mar 2022,1099,0.000
371,393,,Ants Airplanes,Drifter Ultralight,0,158,Ultralight / Sports,P,,28 Mar 2022,1099,0.000
372,394,,Asobo,Flight Design CTSL,0,158,Piston GA,F,,28 Mar 2022,1099,0.000
376,395,,Asobo,Cessna 172 (with & without Improvement / Bush Kit / Turbo Diesel / Tail Dragger mods),0,158,Piston GA,F,,27 Mar 2022,1100,0.000
378,396,,Black Box Sim,Cessna L-19 Bird Dog,0,158,Piston GA,P,,27 Mar 2022,1100,0.000
383,397,,Carenado,Mooney M20R Ovation,0,158,Piston GA,P,,27 Mar 2022,1100,0.000
384,398,,Aerosoft,DHC-6 Twin Otter,0,158,Turboprop,P,,27 Mar 2022,1100,0.000
385,399,,Carenado,Piper PA44 Seminole,0,158,Piston GA,P,,27 Mar 2022,1100,0.000
387,400,,Got Friends,EA-7 Edgley Optica,0,158,Piston GA,P,,27 Mar 2022,1100,0.000
388,401,,Big Radials,Grumman JRF-6B Goose,0,158,Vintage / Biplane,P,,27 Mar 2022,1100,0.000
389,402,,FlyInside,Bell 47G,0,158,Helicopter,P,,27 Mar 2022,1100,0.000
390,403,,DC Designs,Boeing Stearman PT-17,0,158,Vintage / Biplane,P,,27 Mar 2022,1100,0.000
391,404,,Aerosoft ,Bombardier CRJ (any variant),0,158,Airliner,P,,27 Mar 2022,1100,0.000
392,405,,IndiaFoxtEcho,Aermacchi MB-339 ,0,158,Military (Modern),P,,27 Mar 2022,1100,0.000
393,406,,Just Flight,Piper Warrior II,0,158,Piston GA,P,,27 Mar 2022,1100,0.000
394,407,,Carenado,C337H Skymaster,0,158,Piston GA,P,,27 Mar 2022,1100,0.000
395,408,,Got Friends,Monster NXCub,0,158,Piston GA,F,,27 Mar 2022,1100,0.000
397,409,,DC Designs,F-14 Tomcat,0,158,Military (Modern),P,,27 Mar 2022,1100,0.000
398,410,,SC Designs,F-16 Falcon,0,158,Warbird (Classic),P,,27 Mar 2022,1100,0.000
399,411,,DC Designs,F-15 Eagle,0,158,Military (Modern),P,,27 Mar 2022,1100,0.000
400,412,,Salty Simulations,Boeing B747-8,0,158,Airliner,F,,27 Mar 2022,1100,0.000
401,413,,Asobo,Airbus A320neo,0,158,Airliner,F,,27 Mar 2022,1100,0.000
402,414,,Heavy Division,Boeing B78X,0,158,Airliner,F,,27 Mar 2022,1100,0.000
403,415,,Deejing ,Vans RV-7/7A,0,158,Ultralight / Sports,F,,27 Mar 2022,1100,0.000
404,416,,Carenado,Piper PA-34 Seneca V,0,158,Piston GA,P,,27 Mar 2022,1100,0.000
405,417,,Iris Simulations,Grob Tutor,0,158,Piston GA,P,,27 Mar 2022,1100,0.000
,,,,,,,,,,,,
,,,,Total VOTES,241,29,,,,⬅️ + MISSING VOTES,,
,,,,Total PARTICIPANTS,27,,,,,,,
,,,,Participants (actual),27,,,,,,,
,,,,Total AIRCRAFT,417,,,,,,,